tempo,concentracao
0,20
1,9.47368413
2,6.20689638
3,4.61538443
4,3.67346922
5,3.0508473
6,2.60869551
7,2.27848088
8,2.02247179
9,1.99999988
10,1.81818171
